Monkey,TP,Concentration,Cytokine,Treatment
RRv14,TP_1,311.7160631883422,IL-6,Ctrl
RRv14,TP_2,474.8120390768694,IL-6,Ctrl
RRv14,TP_3,300.3283538499155,IL-6,Ctrl
RRv14,TP_4,52.86308475750388,IL-6,Ctrl
RRv14,TP_5,33.68659399305635,IL-6,Ctrl
RRv14,TP_6,27.878305619046017,IL-6,Ctrl
RRv14,TP_7,38.858777607520395,IL-6,Ctrl
RLe14,TP_1,163.25330613573811,IL-6,Ctrl
RLe14,TP_2,355.32858180403616,IL-6,Ctrl
RLe14,TP_3,192.0049013753221,IL-6,Ctrl
RLe14,TP_4,102.53566381882118,IL-6,Ctrl
RLe14,TP_5,36.32984692138426,IL-6,Ctrl
RLe14,TP_6,28.747678393925852,IL-6,Ctrl
RLe14,TP_7,38.82720553763481,IL-6,Ctrl
RSa14,TP_1,NA,IL-6,Ctrl
RSa14,TP_2,349.60455937571584,IL-6,Ctrl
RSa14,TP_3,238.81016328990563,IL-6,Ctrl
RSa14,TP_4,99.25745026784632,IL-6,Ctrl
RSa14,TP_5,56.323621319056016,IL-6,Ctrl
RSa14,TP_6,92.19184337706298,IL-6,Ctrl
RSa14,TP_7,151.17871920079878,IL-6,Ctrl
RZp14,TP_1,117.55024737209934,IL-6,Ctrl
RZp14,TP_2,375.19098281735154,IL-6,Ctrl
RZp14,TP_3,268.5508798708852,IL-6,Ctrl
RZp14,TP_4,NA,IL-6,Ctrl
RZp14,TP_5,68.68616844254845,IL-6,Ctrl
RZp14,TP_6,73.6165353003538,IL-6,Ctrl
RZp14,TP_7,55.213367495664116,IL-6,Ctrl
RUv14,TP_1,135.92996899135807,IL-6,Ctrl
RUv14,TP_2,410.64381136755935,IL-6,Ctrl
RUv14,TP_3,193.4991207106563,IL-6,Ctrl
RUv14,TP_4,28.65106216138318,IL-6,Ctrl
RUv14,TP_5,36.058342867666326,IL-6,Ctrl
RUv14,TP_6,30.25037740452541,IL-6,Ctrl
RUv14,TP_7,4.428643251208179,IL-6,Ctrl
RVz14,TP_1,192.94294506758004,IL-6,Ctrl
RVz14,TP_2,368.58206085865953,IL-6,Ctrl
RVz14,TP_3,NA,IL-6,Ctrl
RVz14,TP_4,19.49914934520818,IL-6,Ctrl
RVz14,TP_5,12.64234537687409,IL-6,Ctrl
RVz14,TP_6,52.27822902175254,IL-6,Ctrl
RVz14,TP_7,30.142854139492794,IL-6,Ctrl
REj14,TP_1,189.73833400349304,IL-6,Ctrl
REj14,TP_2,396.6997220517311,IL-6,Ctrl
REj14,TP_3,230.5629338955083,IL-6,Ctrl
REj14,TP_4,NA,IL-6,Ctrl
REj14,TP_5,111.32475282010923,IL-6,Ctrl
REj14,TP_6,20.294314816511868,IL-6,Ctrl
REj14,TP_7,2.981732372748006,IL-6,Ctrl
RTe14,TP_1,163.93813481301424,IL-6,Ctrl
RTe14,TP_2,357.7208089038899,IL-6,Ctrl
RTe14,TP_3,174.03881815800406,IL-6,Ctrl
RTe14,TP_4,78.97080669106676,IL-6,Ctrl
RTe14,TP_5,40.982278287934705,IL-6,Ctrl
RTe14,TP_6,23.36280195863765,IL-6,Ctrl
RTe14,TP_7,27.046214091722064,IL-6,Ctrl
ROd14,TP_1,159.35230416005635,IL-6,Ctrl
ROd14,TP_2,431.72097685966156,IL-6,Ctrl
ROd14,TP_3,353.5943498245898,IL-6,Ctrl
ROd14,TP_4,117.67671772135807,IL-6,Ctrl
ROd14,TP_5,103.2499704118443,IL-6,Ctrl
ROd14,TP_6,53.98529731413933,IL-6,Ctrl
ROd14,TP_7,72.2323441585622,IL-6,Ctrl
RRe14,TP_1,152.1916467288626,IL-6,Ctrl
RRe14,TP_2,379.70161108451003,IL-6,Ctrl
RRe14,TP_3,262.7404911344834,IL-6,Ctrl
RRe14,TP_4,95.7527051812229,IL-6,Ctrl
RRe14,TP_5,60.29405139411991,IL-6,Ctrl
RRe14,TP_6,93.86624091407471,IL-6,Ctrl
RRe14,TP_7,128.2419857185643,IL-6,Ctrl
RKy14,TP_1,189.1665657327584,IL-6,Ctrl
RKy14,TP_2,365.9206682185692,IL-6,Ctrl
RKy14,TP_3,241.49350940290148,IL-6,Ctrl
RKy14,TP_4,55.21721809613507,IL-6,Ctrl
RKy14,TP_5,18.655946067510456,IL-6,Ctrl
RKy14,TP_6,5.496581004827412,IL-6,Ctrl
RKy14,TP_7,25.735911800153364,IL-6,Ctrl
RBc14,TP_1,175.56723344548763,IL-6,Ctrl
RBc14,TP_2,NA,IL-6,Ctrl
RBc14,TP_3,181.5860113548225,IL-6,Ctrl
RBc14,TP_4,39.64582327883808,IL-6,Ctrl
RBc14,TP_5,1.9748551899236872,IL-6,Ctrl
RBc14,TP_6,17.251404951867393,IL-6,Ctrl
RBc14,TP_7,28.248864975382084,IL-6,Ctrl
RDo14,TP_1,110.85908112621718,IL-6,Ctrl
RDo14,TP_2,335.1739036134012,IL-6,Ctrl
RDo14,TP_3,226.88228330869552,IL-6,Ctrl
RDo14,TP_4,163.83142638422441,IL-6,Ctrl
RDo14,TP_5,86.247613678345445,IL-6,Ctrl
RDo14,TP_6,10.79594228793611,IL-6,Ctrl
RDo14,TP_7,50.01068441102174,IL-6,Ctrl
RQx14,TP_1,166.09806404119868,IL-6,Ctrl
RQx14,TP_2,344.36824394520625,IL-6,Ctrl
RQx14,TP_3,300.16202274887894,IL-6,Ctrl
RQx14,TP_4,87.84929232795974,IL-6,Ctrl
RQx14,TP_5,57.09254151036158,IL-6,Ctrl
RQx14,TP_6,51.93328780669938,IL-6,Ctrl
RQx14,TP_7,43.76252624404907,IL-6,Ctrl
RZt14,TP_1,72.80083577775986,IL-6,Ctrl
RZt14,TP_2,284.7085121583644,IL-6,Ctrl
RZt14,TP_3,226.59193589697702,IL-6,Ctrl
RZt14,TP_4,100.88303936178795,IL-6,Ctrl
RZt14,TP_5,NA,IL-6,Ctrl
RZt14,TP_6,59.48240725692884,IL-6,Ctrl
RZt14,TP_7,58.94176537119045,IL-6,Ctrl
RLh14,TP_1,116.14264186005138,IL-6,Ctrl
RLh14,TP_2,346.9983261347562,IL-6,Ctrl
RLh14,TP_3,236.71675345750072,IL-6,Ctrl
RLh14,TP_4,74.18592057326478,IL-6,Ctrl
RLh14,TP_5,27.01628580739043,IL-6,Ctrl
RLh14,TP_6,37.99891761363722,IL-6,Ctrl
RLh14,TP_7,2.561707681333651,IL-6,Ctrl
RCr14,TP_1,252.3287741970436,IL-6,Ctrl
RCr14,TP_2,326.29449016554895,IL-6,Ctrl
RCr14,TP_3,183.44303285594611,IL-6,Ctrl
RCr14,TP_4,47.73639818264222,IL-6,Ctrl
RCr14,TP_5,29.12331081597331,IL-6,Ctrl
RCr14,TP_6,135.14013426216815,IL-6,Ctrl
RCr14,TP_7,13.60979839579733,IL-6,Ctrl
REe14,TP_1,170.15503326145105,IL-6,Ctrl
REe14,TP_2,377.9976807974169,IL-6,Ctrl
REe14,TP_3,219.8146570724248,IL-6,Ctrl
REe14,TP_4,133.49847566610902,IL-6,Ctrl
REe14,TP_5,46.334681934627085,IL-6,Ctrl
REe14,TP_6,9.281201202835994,IL-6,Ctrl
REe14,TP_7,17.730462400877705,IL-6,Ctrl
RAw14,TP_1,220.04804034752314,IL-6,Ctrl
RAw14,TP_2,386.5904043150353,IL-6,Ctrl
RAw14,TP_3,199.45356959855351,IL-6,Ctrl
RAw14,TP_4,160.52886091369842,IL-6,Ctrl
RAw14,TP_5,104.2368725211927,IL-6,Ctrl
RAw14,TP_6,35.309231864524705,IL-6,Ctrl
RAw14,TP_7,51.00553475222624,IL-6,Ctrl
RNi14,TP_1,144.00539383556892,IL-6,Ctrl
RNi14,TP_2,411.10012334038714,IL-6,Ctrl
RNi14,TP_3,348.9459584597352,IL-6,Ctrl
RNi14,TP_4,131.29148135582554,IL-6,Ctrl
RNi14,TP_5,51.34439361550255,IL-6,Ctrl
RNi14,TP_6,37.650572574582995,IL-6,Ctrl
RNi14,TP_7,15.92607158382824,IL-6,Ctrl
RRv14,TP_1,2.740593929609788,IL-7,Ctrl
RRv14,TP_2,7.364438684368657,IL-7,Ctrl
RRv14,TP_3,6.274324537602424,IL-7,Ctrl
RRv14,TP_4,2.97877818128957,IL-7,Ctrl
RRv14,TP_5,4.14755417060777,IL-7,Ctrl
RRv14,TP_6,3.7646150811507866,IL-7,Ctrl
RRv14,TP_7,3.4865839683227677,IL-7,Ctrl
RLe14,TP_1,2.7437820568819635,IL-7,Ctrl
RLe14,TP_2,8.396756329786637,IL-7,Ctrl
RLe14,TP_3,9.60227657202056,IL-7,Ctrl
RLe14,TP_4,7.248502042213531,IL-7,Ctrl
RLe14,TP_5,7.801036643905758,IL-7,Ctrl
RLe14,TP_6,2.91608063889958,IL-7,Ctrl
RLe14,TP_7,3.8808223306943486,IL-7,Ctrl
RSa14,TP_1,2.977456319668985,IL-7,Ctrl
RSa14,TP_2,7.384425402522877,IL-7,Ctrl
RSa14,TP_3,4.213414374450339,IL-7,Ctrl
RSa14,TP_4,5.053933178862648,IL-7,Ctrl
RSa14,TP_5,1.2970523787017711,IL-7,Ctrl
RSa14,TP_6,3.880655237594705,IL-7,Ctrl
RSa14,TP_7,5.010810767269335,IL-7,Ctrl
RZp14,TP_1,1.8436708358738252,IL-7,Ctrl
RZp14,TP_2,6.245182681969183,IL-7,Ctrl
RZp14,TP_3,3.7746573817828364,IL-7,Ctrl
RZp14,TP_4,2.359064528052889,IL-7,Ctrl
RZp14,TP_5,6.3494475969372335,IL-7,Ctrl
RZp14,TP_6,6.804038726789123,IL-7,Ctrl
RZp14,TP_7,4.814375779826069,IL-7,Ctrl
RUv14,TP_1,0.7477758036385636,IL-7,Ctrl
RUv14,TP_2,6.036193451689953,IL-7,Ctrl
RUv14,TP_3,6.46894616566255,IL-7,Ctrl
RUv14,TP_4,5.510102839085001,IL-7,Ctrl
RUv14,TP_5,4.990832381674041,IL-7,Ctrl
RUv14,TP_6,6.228915855729832,IL-7,Ctrl
RUv14,TP_7,6.213124429212129,IL-7,Ctrl
RVz14,TP_1,6.779626086068713,IL-7,Ctrl
RVz14,TP_2,7.380338532688026,IL-7,Ctrl
RVz14,TP_3,8.96229077114342,IL-7,Ctrl
RVz14,TP_4,5.826294696666583,IL-7,Ctrl
RVz14,TP_5,5.9373614067952305,IL-7,Ctrl
RVz14,TP_6,4.545243118935254,IL-7,Ctrl
RVz14,TP_7,3.439960811791971,IL-7,Ctrl
REj14,TP_1,3.5130636127042827,IL-7,Ctrl
REj14,TP_2,5.742319513579256,IL-7,Ctrl
REj14,TP_3,9.286150507723471,IL-7,Ctrl
REj14,TP_4,7.92006135583822,IL-7,Ctrl
REj14,TP_5,7.233370028030797,IL-7,Ctrl
REj14,TP_6,10.111554085592449,IL-7,Ctrl
REj14,TP_7,7.442244280728456,IL-7,Ctrl
RTe14,TP_1,2.5225880188720153,IL-7,Ctrl
RTe14,TP_2,8.038717838859702,IL-7,Ctrl
RTe14,TP_3,5.404112778306368,IL-7,Ctrl
RTe14,TP_4,4.062243404450042,IL-7,Ctrl
RTe14,TP_5,7.3899493068513,IL-7,Ctrl
RTe14,TP_6,5.259870556315526,IL-7,Ctrl
RTe14,TP_7,1.8753880111608758,IL-7,Ctrl
ROd14,TP_1,3.032129957059674,IL-7,Ctrl
ROd14,TP_2,7.054824186550579,IL-7,Ctrl
ROd14,TP_3,7.708607201738333,IL-7,Ctrl
ROd14,TP_4,5.995949651541904,IL-7,Ctrl
ROd14,TP_5,4.592226818020895,IL-7,Ctrl
ROd14,TP_6,5.891167689912348,IL-7,Ctrl
ROd14,TP_7,8.399718624119819,IL-7,Ctrl
RRe14,TP_1,2.4423515234482585,IL-7,Ctrl
RRe14,TP_2,4.900549436795321,IL-7,Ctrl
RRe14,TP_3,5.863318444156713,IL-7,Ctrl
RRe14,TP_4,3.4099095807906212,IL-7,Ctrl
RRe14,TP_5,5.901824019342334,IL-7,Ctrl
RRe14,TP_6,6.526863400697335,IL-7,Ctrl
RRe14,TP_7,2.2573934514733125,IL-7,Ctrl
RKy14,TP_1,0.09018824751565813,IL-7,Ctrl
RKy14,TP_2,4.564233614049785,IL-7,Ctrl
RKy14,TP_3,6.49074447669856,IL-7,Ctrl
RKy14,TP_4,4.939943518314869,IL-7,Ctrl
RKy14,TP_5,3.4194169614692833,IL-7,Ctrl
RKy14,TP_6,3.7170283535294137,IL-7,Ctrl
RKy14,TP_7,9.498066148012544,IL-7,Ctrl
RBc14,TP_1,1.5933557739784963,IL-7,Ctrl
RBc14,TP_2,7.364823871182184,IL-7,Ctrl
RBc14,TP_3,6.593144658788415,IL-7,Ctrl
RBc14,TP_4,7.977391518197671,IL-7,Ctrl
RBc14,TP_5,5.262015012704022,IL-7,Ctrl
RBc14,TP_6,6.203349986933568,IL-7,Ctrl
RBc14,TP_7,7.853868749022869,IL-7,Ctrl
RDo14,TP_1,2.6248367135441466,IL-7,Ctrl
RDo14,TP_2,7.648175608909846,IL-7,Ctrl
RDo14,TP_3,9.25928401433803,IL-7,Ctrl
RDo14,TP_4,6.761699476337281,IL-7,Ctrl
RDo14,TP_5,7.109519232341112,IL-7,Ctrl
RDo14,TP_6,5.24772762269593,IL-7,Ctrl
RDo14,TP_7,3.6262224306153583,IL-7,Ctrl
RQx14,TP_1,2.770840883230486,IL-7,Ctrl
RQx14,TP_2,5.730039037128325,IL-7,Ctrl
RQx14,TP_3,7.224178404468907,IL-7,Ctrl
RQx14,TP_4,5.765859006654032,IL-7,Ctrl
RQx14,TP_5,5.028193912837309,IL-7,Ctrl
RQx14,TP_6,4.904216601443634,IL-7,Ctrl
RQx14,TP_7,5.973938114772755,IL-7,Ctrl
RZt14,TP_1,2.3146895504319955,IL-7,Ctrl
RZt14,TP_2,7.066833827442235,IL-7,Ctrl
RZt14,TP_3,7.082365765727433,IL-7,Ctrl
RZt14,TP_4,6.662302612041816,IL-7,Ctrl
RZt14,TP_5,8.665927986208708,IL-7,Ctrl
RZt14,TP_6,7.776898766947349,IL-7,Ctrl
RZt14,TP_7,6.395015372866741,IL-7,Ctrl
RLh14,TP_1,4.042545869955244,IL-7,Ctrl
RLh14,TP_2,5.460491819072855,IL-7,Ctrl
RLh14,TP_3,3.735738810889039,IL-7,Ctrl
RLh14,TP_4,3.550456426557495,IL-7,Ctrl
RLh14,TP_5,4.275328285768334,IL-7,Ctrl
RLh14,TP_6,7.572247388867787,IL-7,Ctrl
RLh14,TP_7,4.114539026458882,IL-7,Ctrl
RCr14,TP_1,2.211489925337329,IL-7,Ctrl
RCr14,TP_2,6.737790818245529,IL-7,Ctrl
RCr14,TP_3,6.276362659092455,IL-7,Ctrl
RCr14,TP_4,5.209281294228524,IL-7,Ctrl
RCr14,TP_5,6.590719524052469,IL-7,Ctrl
RCr14,TP_6,11.053949323160758,IL-7,Ctrl
RCr14,TP_7,10.333544364615308,IL-7,Ctrl
REe14,TP_1,4.726827480714528,IL-7,Ctrl
REe14,TP_2,9.391318431853689,IL-7,Ctrl
REe14,TP_3,9.197259253669715,IL-7,Ctrl
REe14,TP_4,5.724886788890827,IL-7,Ctrl
REe14,TP_5,5.709331789250359,IL-7,Ctrl
REe14,TP_6,6.083539289424165,IL-7,Ctrl
REe14,TP_7,5.271768562150897,IL-7,Ctrl
RAw14,TP_1,0.07327714807867425,IL-7,Ctrl
RAw14,TP_2,6.41873314554019,IL-7,Ctrl
RAw14,TP_3,5.9393803120756665,IL-7,Ctrl
RAw14,TP_4,6.9396979984481675,IL-7,Ctrl
RAw14,TP_5,8.040981202446169,IL-7,Ctrl
RAw14,TP_6,0.17371504827442585,IL-7,Ctrl
RAw14,TP_7,2.5194209868330675,IL-7,Ctrl
RNi14,TP_1,3.0351615034709374,IL-7,Ctrl
RNi14,TP_2,8.017544653783922,IL-7,Ctrl
RNi14,TP_3,6.888468313755573,IL-7,Ctrl
RNi14,TP_4,6.134876467625939,IL-7,Ctrl
RNi14,TP_5,4.005566055591723,IL-7,Ctrl
RNi14,TP_6,5.999262156550867,IL-7,Ctrl
RNi14,TP_7,4.009585122777548,IL-7,Ctrl
RRv14,TP_1,122.69528070988112,IL-8,Ctrl
RRv14,TP_2,33.12625655650378,IL-8,Ctrl
RRv14,TP_3,13.645458279398355,IL-8,Ctrl
RRv14,TP_4,67.0738893766973,IL-8,Ctrl
RRv14,TP_5,46.578182418893405,IL-8,Ctrl
RRv14,TP_6,57.211722593402186,IL-8,Ctrl
RRv14,TP_7,35.76136830359965,IL-8,Ctrl
RLe14,TP_1,142.93333230624452,IL-8,Ctrl
RLe14,TP_2,71.365372534613,IL-8,Ctrl
RLe14,TP_3,48.2346972753785,IL-8,Ctrl
RLe14,TP_4,101.47087219748113,IL-8,Ctrl
RLe14,TP_5,0.41021503609348997,IL-8,Ctrl
RLe14,TP_6,18.85135112832672,IL-8,Ctrl
RLe14,TP_7,12.959922439070953,IL-8,Ctrl
RSa14,TP_1,116.89858778196614,IL-8,Ctrl
RSa14,TP_2,2.6801887426645266,IL-8,Ctrl
RSa14,TP_3,52.18671580515028,IL-8,Ctrl
RSa14,TP_4,66.71544382688482,IL-8,Ctrl
RSa14,TP_5,84.25366406552902,IL-8,Ctrl
RSa14,TP_6,NA,IL-8,Ctrl
RSa14,TP_7,16.847569194452994,IL-8,Ctrl
RZp14,TP_1,192.56931862608297,IL-8,Ctrl
RZp14,TP_2,23.084189437644206,IL-8,Ctrl
RZp14,TP_3,9.946801501288242,IL-8,Ctrl
RZp14,TP_4,76.4688408420559,IL-8,Ctrl
RZp14,TP_5,59.31460294671725,IL-8,Ctrl
RZp14,TP_6,NA,IL-8,Ctrl
RZp14,TP_7,28.87851252132721,IL-8,Ctrl
RUv14,TP_1,206.36134830822914,IL-8,Ctrl
RUv14,TP_2,166.02839111415392,IL-8,Ctrl
RUv14,TP_3,58.86401270710355,IL-8,Ctrl
RUv14,TP_4,60.28041078772046,IL-8,Ctrl
RUv14,TP_5,39.786127616855545,IL-8,Ctrl
RUv14,TP_6,40.30616796078033,IL-8,Ctrl
RUv14,TP_7,40.651898218965904,IL-8,Ctrl
RVz14,TP_1,110.11317974678485,IL-8,Ctrl
RVz14,TP_2,51.95467760216825,IL-8,Ctrl
RVz14,TP_3,NA,IL-8,Ctrl
RVz14,TP_4,11.942061934313742,IL-8,Ctrl
RVz14,TP_5,82.8088185112489,IL-8,Ctrl
RVz14,TP_6,93.31309970681744,IL-8,Ctrl
RVz14,TP_7,88.91774483086976,IL-8,Ctrl
REj14,TP_1,48.38391751480685,IL-8,Ctrl
REj14,TP_2,20.01076987750443,IL-8,Ctrl
REj14,TP_3,29.479835814089988,IL-8,Ctrl
REj14,TP_4,104.0787276143343,IL-8,Ctrl
REj14,TP_5,78.95138065241352,IL-8,Ctrl
REj14,TP_6,35.788709653939875,IL-8,Ctrl
REj14,TP_7,35.517030474290834,IL-8,Ctrl
RTe14,TP_1,195.3203063914366,IL-8,Ctrl
RTe14,TP_2,66.01766562923333,IL-8,Ctrl
RTe14,TP_3,63.025541421576854,IL-8,Ctrl
RTe14,TP_4,91.96693734120386,IL-8,Ctrl
RTe14,TP_5,18.261128884385165,IL-8,Ctrl
RTe14,TP_6,23.748411365973272,IL-8,Ctrl
RTe14,TP_7,29.685567397139486,IL-8,Ctrl
ROd14,TP_1,182.50357091150522,IL-8,Ctrl
ROd14,TP_2,6.216840143652426,IL-8,Ctrl
ROd14,TP_3,28.226242909566196,IL-8,Ctrl
ROd14,TP_4,12.19536620852297,IL-8,Ctrl
ROd14,TP_5,40.51968363062745,IL-8,Ctrl
ROd14,TP_6,62.85450431159175,IL-8,Ctrl
ROd14,TP_7,15.712276917685472,IL-8,Ctrl
RRe14,TP_1,130.53740609088837,IL-8,Ctrl
RRe14,TP_2,21.134032682220877,IL-8,Ctrl
RRe14,TP_3,61.34677879345042,IL-8,Ctrl
RRe14,TP_4,16.704082256705128,IL-8,Ctrl
RRe14,TP_5,123.13292268974627,IL-8,Ctrl
RRe14,TP_6,60.44044234191769,IL-8,Ctrl
RRe14,TP_7,45.122610065444164,IL-8,Ctrl
RKy14,TP_1,190.64561184683205,IL-8,Ctrl
RKy14,TP_2,37.62012050774311,IL-8,Ctrl
RKy14,TP_3,70.23018860123173,IL-8,Ctrl
RKy14,TP_4,97.10084676139678,IL-8,Ctrl
RKy14,TP_5,65.73932197009306,IL-8,Ctrl
RKy14,TP_6,35.236760915135235,IL-8,Ctrl
RKy14,TP_7,24.978082772377608,IL-8,Ctrl
RBc14,TP_1,180.90130882938308,IL-8,Ctrl
RBc14,TP_2,16.662971520815702,IL-8,Ctrl
RBc14,TP_3,19.725725597188855,IL-8,Ctrl
RBc14,TP_4,44.36354736665544,IL-8,Ctrl
RBc14,TP_5,77.30459075471174,IL-8,Ctrl
RBc14,TP_6,94.68021501802139,IL-8,Ctrl
RBc14,TP_7,42.98112865973292,IL-8,Ctrl
RDo14,TP_1,185.35568924945375,IL-8,Ctrl
RDo14,TP_2,143.41845688859576,IL-8,Ctrl
RDo14,TP_3,26.299787915929393,IL-8,Ctrl
RDo14,TP_4,89.01941199120866,IL-8,Ctrl
RDo14,TP_5,42.50831451921498,IL-8,Ctrl
RDo14,TP_6,73.88362097952644,IL-8,Ctrl
RDo14,TP_7,65.97736342192455,IL-8,Ctrl
RQx14,TP_1,175.61562220554416,IL-8,Ctrl
RQx14,TP_2,62.71236585497021,IL-8,Ctrl
RQx14,TP_3,20.98117845747221,IL-8,Ctrl
RQx14,TP_4,24.99089641089725,IL-8,Ctrl
RQx14,TP_5,57.0875754460877,IL-8,Ctrl
RQx14,TP_6,53.2816713457291,IL-8,Ctrl
RQx14,TP_7,43.377075096097414,IL-8,Ctrl
RZt14,TP_1,144.75865424246376,IL-8,Ctrl
RZt14,TP_2,48.03391306157046,IL-8,Ctrl
RZt14,TP_3,14.245758383395454,IL-8,Ctrl
RZt14,TP_4,20.49557643182456,IL-8,Ctrl
RZt14,TP_5,53.87327165364567,IL-8,Ctrl
RZt14,TP_6,91.27395027448082,IL-8,Ctrl
RZt14,TP_7,84.29767428303813,IL-8,Ctrl
RLh14,TP_1,86.60030563006906,IL-8,Ctrl
RLh14,TP_2,21.340747866283017,IL-8,Ctrl
RLh14,TP_3,29.673137763297447,IL-8,Ctrl
RLh14,TP_4,42.64825367354992,IL-8,Ctrl
RLh14,TP_5,54.579376462602745,IL-8,Ctrl
RLh14,TP_6,83.7969315858653,IL-8,Ctrl
RLh14,TP_7,4.110272749514888,IL-8,Ctrl
RCr14,TP_1,129.915707934565,IL-8,Ctrl
RCr14,TP_2,66.68814461954685,IL-8,Ctrl
RCr14,TP_3,31.939160912396503,IL-8,Ctrl
RCr14,TP_4,26.968592044381314,IL-8,Ctrl
RCr14,TP_5,8.716629611561203,IL-8,Ctrl
RCr14,TP_6,26.6487665668256,IL-8,Ctrl
RCr14,TP_7,36.36924699400731,IL-8,Ctrl
REe14,TP_1,196.4021086860274,IL-8,Ctrl
REe14,TP_2,104.89600057369753,IL-8,Ctrl
REe14,TP_3,15.72475928342039,IL-8,Ctrl
REe14,TP_4,33.07817142318214,IL-8,Ctrl
REe14,TP_5,10.516679584588765,IL-8,Ctrl
REe14,TP_6,11.112238734699098,IL-8,Ctrl
REe14,TP_7,23.749647960358907,IL-8,Ctrl
RAw14,TP_1,116.90118731576794,IL-8,Ctrl
RAw14,TP_2,7.231302420180981,IL-8,Ctrl
RAw14,TP_3,18.720046392492378,IL-8,Ctrl
RAw14,TP_4,32.15378326712202,IL-8,Ctrl
RAw14,TP_5,39.08105050867025,IL-8,Ctrl
RAw14,TP_6,77.2843189080568,IL-8,Ctrl
RAw14,TP_7,55.72330541812266,IL-8,Ctrl
RNi14,TP_1,152.43011511208417,IL-8,Ctrl
RNi14,TP_2,112.381311829617,IL-8,Ctrl
RNi14,TP_3,74.34034157123094,IL-8,Ctrl
RNi14,TP_4,56.916438506368685,IL-8,Ctrl
RNi14,TP_5,116.41393406986718,IL-8,Ctrl
RNi14,TP_6,118.0100882227271,IL-8,Ctrl
RNi14,TP_7,60.58675534688117,IL-8,Ctrl
RTa14,TP_1,121.97828792904339,IL-6,Drug
RTa14,TP_2,278.5362144738179,IL-6,Drug
RTa14,TP_3,170.60886016077941,IL-6,Drug
RTa14,TP_4,63.75735938414621,IL-6,Drug
RTa14,TP_5,31.617975202480103,IL-6,Drug
RTa14,TP_6,14.735039563272217,IL-6,Drug
RTa14,TP_7,15.936256698636729,IL-6,Drug
RVb14,TP_1,215.81587632478028,IL-6,Drug
RVb14,TP_2,381.72029364455574,IL-6,Drug
RVb14,TP_3,212.2759465198825,IL-6,Drug
RVb14,TP_4,138.68162072813033,IL-6,Drug
RVb14,TP_5,180.84835717090436,IL-6,Drug
RVb14,TP_6,108.72304922904277,IL-6,Drug
RVb14,TP_7,10.365023848321812,IL-6,Drug
RTb14,TP_1,NA,IL-6,Drug
RTb14,TP_2,301.33883962804,IL-6,Drug
RTb14,TP_3,180.72114031831904,IL-6,Drug
RTb14,TP_4,39.39994773397985,IL-6,Drug
RTb14,TP_5,7.913863501973005,IL-6,Drug
RTb14,TP_6,5.438097217085257,IL-6,Drug
RTb14,TP_7,3.7712576621575735,IL-6,Drug
RBk14,TP_1,132.03303256990995,IL-6,Drug
RBk14,TP_2,250.340689245691,IL-6,Drug
RBk14,TP_3,176.2236411131404,IL-6,Drug
RBk14,TP_4,21.64023065351418,IL-6,Drug
RBk14,TP_5,34.4562745108021,IL-6,Drug
RBk14,TP_6,12.395070448136032,IL-6,Drug
RBk14,TP_7,8.77244084043533,IL-6,Drug
RNz14,TP_1,189.67272080995178,IL-6,Drug
RNz14,TP_2,332.28766420276656,IL-6,Drug
RNz14,TP_3,279.2404812159868,IL-6,Drug
RNz14,TP_4,125.33401847701755,IL-6,Drug
RNz14,TP_5,11.680332748768748,IL-6,Drug
RNz14,TP_6,4.832752541556815,IL-6,Drug
RNz14,TP_7,85.27838548153615,IL-6,Drug
RTt14,TP_1,113.7837966989942,IL-6,Drug
RTt14,TP_2,341.0632350539949,IL-6,Drug
RTt14,TP_3,132.57690955836125,IL-6,Drug
RTt14,TP_4,65.9574890966559,IL-6,Drug
RTt14,TP_5,14.151418125233405,IL-6,Drug
RTt14,TP_6,11.885763753539663,IL-6,Drug
RTt14,TP_7,78.72635935276843,IL-6,Drug
RPy14,TP_1,303.85853350588786,IL-6,Drug
RPy14,TP_2,413.51536389115444,IL-6,Drug
RPy14,TP_3,219.640054998897,IL-6,Drug
RPy14,TP_4,187.95367564921267,IL-6,Drug
RPy14,TP_5,114.58634617263233,IL-6,Drug
RPy14,TP_6,69.9902229820267,IL-6,Drug
RPy14,TP_7,37.84758292943398,IL-6,Drug
RIo14,TP_1,135.90913971431897,IL-6,Drug
RIo14,TP_2,292.4354073810559,IL-6,Drug
RIo14,TP_3,157.57497955441605,IL-6,Drug
RIo14,TP_4,123.71059976062551,IL-6,Drug
RIo14,TP_5,16.045043814564792,IL-6,Drug
RIo14,TP_6,6.017384109441224,IL-6,Drug
RIo14,TP_7,27.586901263147077,IL-6,Drug
RAk14,TP_1,230.9301305139436,IL-6,Drug
RAk14,TP_2,358.24445784473687,IL-6,Drug
RAk14,TP_3,166.2697074837676,IL-6,Drug
RAk14,TP_4,23.08418420499899,IL-6,Drug
RAk14,TP_5,25.865460998548798,IL-6,Drug
RAk14,TP_6,26.752071176336358,IL-6,Drug
RAk14,TP_7,26.331133287673822,IL-6,Drug
RNc14,TP_1,118.90923856204486,IL-6,Drug
RNc14,TP_2,364.4224295024316,IL-6,Drug
RNc14,TP_3,234.51463297046257,IL-6,Drug
RNc14,TP_4,117.51406556584989,IL-6,Drug
RNc14,TP_5,92.49837254091969,IL-6,Drug
RNc14,TP_6,46.53515729395174,IL-6,Drug
RNc14,TP_7,6.543003761606492,IL-6,Drug
RNf14,TP_1,109.60438502803717,IL-6,Drug
RNf14,TP_2,281.5520586972544,IL-6,Drug
RNf14,TP_3,220.30852721793568,IL-6,Drug
RNf14,TP_4,125.23719903479854,IL-6,Drug
RNf14,TP_5,71.5678268022231,IL-6,Drug
RNf14,TP_6,88.27621565960598,IL-6,Drug
RNf14,TP_7,114.5742596453903,IL-6,Drug
RUn14,TP_1,207.85038963447215,IL-6,Drug
RUn14,TP_2,308.73069573539965,IL-6,Drug
RUn14,TP_3,189.79516239942564,IL-6,Drug
RUn14,TP_4,204.0190077123728,IL-6,Drug
RUn14,TP_5,87.40408269428515,IL-6,Drug
RUn14,TP_6,75.9047985491274,IL-6,Drug
RUn14,TP_7,56.04419721467385,IL-6,Drug
RGr14,TP_1,196.40634885942575,IL-6,Drug
RGr14,TP_2,415.275620953428,IL-6,Drug
RGr14,TP_3,246.21352566146174,IL-6,Drug
RGr14,TP_4,129.32947142133747,IL-6,Drug
RGr14,TP_5,89.69230777791938,IL-6,Drug
RGr14,TP_6,52.435842678365916,IL-6,Drug
RGr14,TP_7,140.66941353535293,IL-6,Drug
REo14,TP_1,197.9903629657486,IL-6,Drug
REo14,TP_2,378.69802613032164,IL-6,Drug
REo14,TP_3,232.52303512900056,IL-6,Drug
REo14,TP_4,209.9504870695908,IL-6,Drug
REo14,TP_5,45.076182401585314,IL-6,Drug
REo14,TP_6,25.758170404161667,IL-6,Drug
REo14,TP_7,39.60858650394626,IL-6,Drug
ROt14,TP_1,169.50454943682368,IL-6,Drug
ROt14,TP_2,333.6502007597401,IL-6,Drug
ROt14,TP_3,299.67406222690755,IL-6,Drug
ROt14,TP_4,127.78807241109821,IL-6,Drug
ROt14,TP_5,39.055767775357396,IL-6,Drug
ROt14,TP_6,24.559037327832613,IL-6,Drug
ROt14,TP_7,31.712760699532936,IL-6,Drug
RXt14,TP_1,257.0530311775475,IL-6,Drug
RXt14,TP_2,388.94921116500376,IL-6,Drug
RXt14,TP_3,289.3625072210099,IL-6,Drug
RXt14,TP_4,128.49489664198734,IL-6,Drug
RXt14,TP_5,17.441943884736467,IL-6,Drug
RXt14,TP_6,53.98839199848185,IL-6,Drug
RXt14,TP_7,81.1226419498465,IL-6,Drug
RXt14,TP_1,180.1036213808629,IL-6,Drug
RXt14,TP_2,382.28980103422714,IL-6,Drug
RXt14,TP_3,212.11351018143455,IL-6,Drug
RXt14,TP_4,110.33903416548304,IL-6,Drug
RXt14,TP_5,66.35868497396487,IL-6,Drug
RXt14,TP_6,71.54635039742548,IL-6,Drug
RXt14,TP_7,56.225836702741944,IL-6,Drug
RYk14,TP_1,221.78375805458907,IL-6,Drug
RYk14,TP_2,343.3234657044804,IL-6,Drug
RYk14,TP_3,286.0747408242876,IL-6,Drug
RYk14,TP_4,103.87753295036038,IL-6,Drug
RYk14,TP_5,77.72829758307675,IL-6,Drug
RYk14,TP_6,11.42302189068974,IL-6,Drug
RYk14,TP_7,64.21235975427034,IL-6,Drug
RQw14,TP_1,117.29652004675756,IL-6,Drug
RQw14,TP_2,325.3688094855076,IL-6,Drug
RQw14,TP_3,211.35943815066022,IL-6,Drug
RQw14,TP_4,38.02630084714568,IL-6,Drug
RQw14,TP_5,4.1049611045877725,IL-6,Drug
RQw14,TP_6,67.12083705315324,IL-6,Drug
RQw14,TP_7,10.774858560408305,IL-6,Drug
RDn14,TP_1,131.42708573295602,IL-6,Drug
RDn14,TP_2,318.3881772303165,IL-6,Drug
RDn14,TP_3,170.3297390300527,IL-6,Drug
RDn14,TP_4,104.97645313814792,IL-6,Drug
RDn14,TP_5,4.579872399351153,IL-6,Drug
RDn14,TP_6,19.385167758810532,IL-6,Drug
RDn14,TP_7,34.016978386544444,IL-6,Drug
RTa14,TP_1,6.438874538436364,IL-7,Drug
RTa14,TP_2,7.784500108365499,IL-7,Drug
RTa14,TP_3,NA,IL-7,Drug
RTa14,TP_4,8.166766230235327,IL-7,Drug
RTa14,TP_5,5.263254513747554,IL-7,Drug
RTa14,TP_6,4.600072985786552,IL-7,Drug
RTa14,TP_7,6.961728664408204,IL-7,Drug
RVb14,TP_1,1.8234375094673492,IL-7,Drug
RVb14,TP_2,8.978836296898624,IL-7,Drug
RVb14,TP_3,3.2034623790365773,IL-7,Drug
RVb14,TP_4,2.961722472871144,IL-7,Drug
RVb14,TP_5,5.434901857138342,IL-7,Drug
RVb14,TP_6,4.8028282553640915,IL-7,Drug
RVb14,TP_7,5.24087678815909,IL-7,Drug
RTb14,TP_1,1.5725712167140555,IL-7,Drug
RTb14,TP_2,8.450696911767663,IL-7,Drug
RTb14,TP_3,7.720181855331347,IL-7,Drug
RTb14,TP_4,5.1355219844091184,IL-7,Drug
RTb14,TP_5,4.248207899536192,IL-7,Drug
RTb14,TP_6,6.185453141212708,IL-7,Drug
RTb14,TP_7,4.7789613801988855,IL-7,Drug
RBk14,TP_1,1.6693952156775278,IL-7,Drug
RBk14,TP_2,4.5300727137007115,IL-7,Drug
RBk14,TP_3,4.931239182373795,IL-7,Drug
RBk14,TP_4,4.039090067343254,IL-7,Drug
RBk14,TP_5,4.768144919092009,IL-7,Drug
RBk14,TP_6,9.586669169965145,IL-7,Drug
RBk14,TP_7,5.644904983718293,IL-7,Drug
RNz14,TP_1,6.020858676833683,IL-7,Drug
RNz14,TP_2,8.146662532786792,IL-7,Drug
RNz14,TP_3,7.2667277053232695,IL-7,Drug
RNz14,TP_4,7.425474560396853,IL-7,Drug
RNz14,TP_5,8.008969767166029,IL-7,Drug
RNz14,TP_6,7.991967298991616,IL-7,Drug
RNz14,TP_7,7.823519428206999,IL-7,Drug
RTt14,TP_1,1.1943484395988344,IL-7,Drug
RTt14,TP_2,5.039112382349749,IL-7,Drug
RTt14,TP_3,2.3879776128385757,IL-7,Drug
RTt14,TP_4,4.287105438176972,IL-7,Drug
RTt14,TP_5,6.344662839684507,IL-7,Drug
RTt14,TP_6,7.936202177745297,IL-7,Drug
RTt14,TP_7,8.104928060295322,IL-7,Drug
RPy14,TP_1,1.8592579382049308,IL-7,Drug
RPy14,TP_2,5.533916890150147,IL-7,Drug
RPy14,TP_3,5.6326297933183405,IL-7,Drug
RPy14,TP_4,4.996374491660002,IL-7,Drug
RPy14,TP_5,3.697810767545926,IL-7,Drug
RPy14,TP_6,4.086736884068544,IL-7,Drug
RPy14,TP_7,2.1120858584905102,IL-7,Drug
RIo14,TP_1,3.6052319435153866,IL-7,Drug
RIo14,TP_2,11.280329468432083,IL-7,Drug
RIo14,TP_3,11.37027745796076,IL-7,Drug
RIo14,TP_4,6.731783130027033,IL-7,Drug
RIo14,TP_5,7.225803412790842,IL-7,Drug
RIo14,TP_6,NA,IL-7,Drug
RIo14,TP_7,6.750708562423913,IL-7,Drug
RAk14,TP_1,4.132365780459746,IL-7,Drug
RAk14,TP_2,7.57637365126669,IL-7,Drug
RAk14,TP_3,9.245790339528943,IL-7,Drug
RAk14,TP_4,5.631035289900871,IL-7,Drug
RAk14,TP_5,6.588094329554637,IL-7,Drug
RAk14,TP_6,6.2667200040788655,IL-7,Drug
RAk14,TP_7,5.430982689377371,IL-7,Drug
RNc14,TP_1,3.6829305477136933,IL-7,Drug
RNc14,TP_2,5.685265197993996,IL-7,Drug
RNc14,TP_3,8.239020831224003,IL-7,Drug
RNc14,TP_4,8.093536435164548,IL-7,Drug
RNc14,TP_5,10.893245094918178,IL-7,Drug
RNc14,TP_6,9.028142205295294,IL-7,Drug
RNc14,TP_7,8.535478762738682,IL-7,Drug
RNf14,TP_1,2.4342272676010395,IL-7,Drug
RNf14,TP_2,6.16085386903116,IL-7,Drug
RNf14,TP_3,3.174383385025407,IL-7,Drug
RNf14,TP_4,2.158366923453528,IL-7,Drug
RNf14,TP_5,1.1038839790917034,IL-7,Drug
RNf14,TP_6,1.1459968531582998,IL-7,Drug
RNf14,TP_7,1.073566195219696,IL-7,Drug
RUn14,TP_1,6.964604394724654,IL-7,Drug
RUn14,TP_2,8.012519656433005,IL-7,Drug
RUn14,TP_3,4.728915843105353,IL-7,Drug
RUn14,TP_4,5.163694716243667,IL-7,Drug
RUn14,TP_5,6.446592942864536,IL-7,Drug
RUn14,TP_6,3.6479348583498785,IL-7,Drug
RUn14,TP_7,8.70580033822479,IL-7,Drug
RGr14,TP_1,1.211884874362832,IL-7,Drug
RGr14,TP_2,5.863402314551287,IL-7,Drug
RGr14,TP_3,7.179316852869696,IL-7,Drug
RGr14,TP_4,7.8172103350184035,IL-7,Drug
RGr14,TP_5,4.8267253075928505,IL-7,Drug
RGr14,TP_6,3.4023480456382567,IL-7,Drug
RGr14,TP_7,6.333700135319146,IL-7,Drug
REo14,TP_1,3.4996064624083973,IL-7,Drug
REo14,TP_2,9.530544613484413,IL-7,Drug
REo14,TP_3,6.631257931792418,IL-7,Drug
REo14,TP_4,6.813039074682142,IL-7,Drug
REo14,TP_5,NA,IL-7,Drug
REo14,TP_6,7.681722491538812,IL-7,Drug
REo14,TP_7,8.423268277892245,IL-7,Drug
ROt14,TP_1,4.439251988810321,IL-7,Drug
ROt14,TP_2,5.689202524510609,IL-7,Drug
ROt14,TP_3,3.7197387933355324,IL-7,Drug
ROt14,TP_4,4.113247923742771,IL-7,Drug
ROt14,TP_5,4.901003720407236,IL-7,Drug
ROt14,TP_6,4.114402934367199,IL-7,Drug
ROt14,TP_7,3.749347643826696,IL-7,Drug
RXt14,TP_1,6.054479174406339,IL-7,Drug
RXt14,TP_2,7.7243999560574865,IL-7,Drug
RXt14,TP_3,6.038156035745866,IL-7,Drug
RXt14,TP_4,4.11499708150577,IL-7,Drug
RXt14,TP_5,5.014069366665294,IL-7,Drug
RXt14,TP_6,4.995619956977279,IL-7,Drug
RXt14,TP_7,1.4109314163221693,IL-7,Drug
RXt14,TP_1,3.1340213808370594,IL-7,Drug
RXt14,TP_2,5.897263128895207,IL-7,Drug
RXt14,TP_3,6.76565328943554,IL-7,Drug
RXt14,TP_4,3.6549788964725503,IL-7,Drug
RXt14,TP_5,4.902346778154899,IL-7,Drug
RXt14,TP_6,8.708342063684475,IL-7,Drug
RXt14,TP_7,5.265963797971484,IL-7,Drug
RYk14,TP_1,3.3735467156135743,IL-7,Drug
RYk14,TP_2,8.21926809151285,IL-7,Drug
RYk14,TP_3,6.579021961297354,IL-7,Drug
RYk14,TP_4,3.6400606827097164,IL-7,Drug
RYk14,TP_5,5.648108394973642,IL-7,Drug
RYk14,TP_6,4.734280040261594,IL-7,Drug
RYk14,TP_7,6.057177688074156,IL-7,Drug
RQw14,TP_1,4.543451295090983,IL-7,Drug
RQw14,TP_2,9.43727633398463,IL-7,Drug
RQw14,TP_3,8.721807533857309,IL-7,Drug
RQw14,TP_4,6.252442838499837,IL-7,Drug
RQw14,TP_5,8.033602509387409,IL-7,Drug
RQw14,TP_6,6.410422553324354,IL-7,Drug
RQw14,TP_7,4.934258498302856,IL-7,Drug
RDn14,TP_1,2.522506390474203,IL-7,Drug
RDn14,TP_2,7.368775708259084,IL-7,Drug
RDn14,TP_3,0.9048110733275374,IL-7,Drug
RDn14,TP_4,3.209493006002556,IL-7,Drug
RDn14,TP_5,2.543095397374989,IL-7,Drug
RDn14,TP_6,2.466933102664509,IL-7,Drug
RDn14,TP_7,3.633779241117618,IL-7,Drug
RTa14,TP_1,85.20437950087496,IL-8,Drug
RTa14,TP_2,70.96811279662121,IL-8,Drug
RTa14,TP_3,29.007679168530046,IL-8,Drug
RTa14,TP_4,8.684286358613043,IL-8,Drug
RTa14,TP_5,56.66315557893985,IL-8,Drug
RTa14,TP_6,0.3078690489525826,IL-8,Drug
RTa14,TP_7,57.577109599564466,IL-8,Drug
RVb14,TP_1,172.96434568286222,IL-8,Drug
RVb14,TP_2,53.590957958964694,IL-8,Drug
RVb14,TP_3,105.8864004464808,IL-8,Drug
RVb14,TP_4,87.12261077904463,IL-8,Drug
RVb14,TP_5,106.10827373268557,IL-8,Drug
RVb14,TP_6,63.090740922546686,IL-8,Drug
RVb14,TP_7,34.494772457183245,IL-8,Drug
RTb14,TP_1,136.93103927607217,IL-8,Drug
RTb14,TP_2,58.21293796936387,IL-8,Drug
RTb14,TP_3,5.1842094436967905,IL-8,Drug
RTb14,TP_4,48.004372927341485,IL-8,Drug
RTb14,TP_5,58.35719096397199,IL-8,Drug
RTb14,TP_6,68.58220895112109,IL-8,Drug
RTb14,TP_7,33.335775295307016,IL-8,Drug
RBk14,TP_1,102.00820606439693,IL-8,Drug
RBk14,TP_2,29.450620766926733,IL-8,Drug
RBk14,TP_3,33.495612484759036,IL-8,Drug
RBk14,TP_4,45.472996318765276,IL-8,Drug
RBk14,TP_5,30.052286243056628,IL-8,Drug
RBk14,TP_6,8.356621198838411,IL-8,Drug
RBk14,TP_7,56.50881814031419,IL-8,Drug
RNz14,TP_1,99.58546160110942,IL-8,Drug
RNz14,TP_2,0.7079389014363855,IL-8,Drug
RNz14,TP_3,6.458556215216973,IL-8,Drug
RNz14,TP_4,43.654666947800735,IL-8,Drug
RNz14,TP_5,8.61377360480067,IL-8,Drug
RNz14,TP_6,1.102930898677208,IL-8,Drug
RNz14,TP_7,30.787387429839484,IL-8,Drug
RTt14,TP_1,38.44384008861748,IL-8,Drug
RTt14,TP_2,36.052050454181014,IL-8,Drug
RTt14,TP_3,30.21060706486488,IL-8,Drug
RTt14,TP_4,99.79091593685303,IL-8,Drug
RTt14,TP_5,97.29571973832161,IL-8,Drug
RTt14,TP_6,64.98022235338739,IL-8,Drug
RTt14,TP_7,62.94460855410267,IL-8,Drug
RPy14,TP_1,170.03330622455692,IL-8,Drug
RPy14,TP_2,88.24509163925372,IL-8,Drug
RPy14,TP_3,83.41724789987725,IL-8,Drug
RPy14,TP_4,93.46422025130065,IL-8,Drug
RPy14,TP_5,73.36199481400075,IL-8,Drug
RPy14,TP_6,40.4100274733575,IL-8,Drug
RPy14,TP_7,1.4548357622853345,IL-8,Drug
RIo14,TP_1,90.08321705052293,IL-8,Drug
RIo14,TP_2,24.474432681364455,IL-8,Drug
RIo14,TP_3,5.726614345329381,IL-8,Drug
RIo14,TP_4,34.79816652890097,IL-8,Drug
RIo14,TP_5,62.354623281149884,IL-8,Drug
RIo14,TP_6,55.799421084998016,IL-8,Drug
RIo14,TP_7,55.296232644742744,IL-8,Drug
RAk14,TP_1,29.602416931737054,IL-8,Drug
RAk14,TP_2,18.6772239364983,IL-8,Drug
RAk14,TP_3,63.23780638430111,IL-8,Drug
RAk14,TP_4,34.08959891269879,IL-8,Drug
RAk14,TP_5,45.18721651191149,IL-8,Drug
RAk14,TP_6,11.076762821448057,IL-8,Drug
RAk14,TP_7,24.430590489874625,IL-8,Drug
RNc14,TP_1,94.08423844068993,IL-8,Drug
RNc14,TP_2,68.53844111566174,IL-8,Drug
RNc14,TP_3,30.82268623328472,IL-8,Drug
RNc14,TP_4,10.45088066122138,IL-8,Drug
RNc14,TP_5,12.809363843213529,IL-8,Drug
RNc14,TP_6,47.20951562198161,IL-8,Drug
RNc14,TP_7,79.61302592293839,IL-8,Drug
RNf14,TP_1,68.55763994788855,IL-8,Drug
RNf14,TP_2,4.3538886523945735,IL-8,Drug
RNf14,TP_3,19.564229923519157,IL-8,Drug
RNf14,TP_4,66.1905854310942,IL-8,Drug
RNf14,TP_5,44.121637278773754,IL-8,Drug
RNf14,TP_6,32.54365960320281,IL-8,Drug
RNf14,TP_7,1.7533058707036453,IL-8,Drug
RUn14,TP_1,92.11531881389492,IL-8,Drug
RUn14,TP_2,6.018514716054863,IL-8,Drug
RUn14,TP_3,34.55777846844465,IL-8,Drug
RUn14,TP_4,3.0220742753939263,IL-8,Drug
RUn14,TP_5,85.2692509544241,IL-8,Drug
RUn14,TP_6,NA,IL-8,Drug
RUn14,TP_7,27.27643331499351,IL-8,Drug
RGr14,TP_1,130.84005459555817,IL-8,Drug
RGr14,TP_2,18.93736077560167,IL-8,Drug
RGr14,TP_3,43.81457204196012,IL-8,Drug
RGr14,TP_4,5.006636570401795,IL-8,Drug
RGr14,TP_5,1.5628445624508345,IL-8,Drug
RGr14,TP_6,12.036850736562744,IL-8,Drug
RGr14,TP_7,22.26231978402123,IL-8,Drug
REo14,TP_1,47.44505932233889,IL-8,Drug
REo14,TP_2,6.33522844785265,IL-8,Drug
REo14,TP_3,69.97038734629824,IL-8,Drug
REo14,TP_4,28.651254712510536,IL-8,Drug
REo14,TP_5,53.63933586424994,IL-8,Drug
REo14,TP_6,2.7035203285439167,IL-8,Drug
REo14,TP_7,14.653360810771698,IL-8,Drug
ROt14,TP_1,127.90172784769925,IL-8,Drug
ROt14,TP_2,54.38954891097163,IL-8,Drug
ROt14,TP_3,27.731270909048654,IL-8,Drug
ROt14,TP_4,28.207215627786006,IL-8,Drug
ROt14,TP_5,92.83039206560032,IL-8,Drug
ROt14,TP_6,53.56187719516896,IL-8,Drug
ROt14,TP_7,47.93395985974976,IL-8,Drug
RXt14,TP_1,125.21974565162064,IL-8,Drug
RXt14,TP_2,81.0288107164194,IL-8,Drug
RXt14,TP_3,106.14237689503506,IL-8,Drug
RXt14,TP_4,NA,IL-8,Drug
RXt14,TP_5,30.814577288331662,IL-8,Drug
RXt14,TP_6,68.75158463580739,IL-8,Drug
RXt14,TP_7,11.582959360305288,IL-8,Drug
RXt14,TP_1,146.96010684832018,IL-8,Drug
RXt14,TP_2,12.10052970781965,IL-8,Drug
RXt14,TP_3,38.11750493558439,IL-8,Drug
RXt14,TP_4,58.87113030498746,IL-8,Drug
RXt14,TP_5,57.14356065824778,IL-8,Drug
RXt14,TP_6,71.30831519912033,IL-8,Drug
RXt14,TP_7,58.47670525907183,IL-8,Drug
RYk14,TP_1,99.04110276355154,IL-8,Drug
RYk14,TP_2,47.53170521624837,IL-8,Drug
RYk14,TP_3,58.042841072485714,IL-8,Drug
RYk14,TP_4,87.02922877176584,IL-8,Drug
RYk14,TP_5,35.0216227565935,IL-8,Drug
RYk14,TP_6,15.09233188840038,IL-8,Drug
RYk14,TP_7,16.233113779566047,IL-8,Drug
RQw14,TP_1,163.78513838782268,IL-8,Drug
RQw14,TP_2,53.66954552169688,IL-8,Drug
RQw14,TP_3,66.41772922021052,IL-8,Drug
RQw14,TP_4,140.57217356120964,IL-8,Drug
RQw14,TP_5,138.50783261579494,IL-8,Drug
RQw14,TP_6,102.3064994811514,IL-8,Drug
RQw14,TP_7,44.87816626984373,IL-8,Drug
RDn14,TP_1,135.4124409710983,IL-8,Drug
RDn14,TP_2,52.644193188480116,IL-8,Drug
RDn14,TP_3,5.453629885264597,IL-8,Drug
RDn14,TP_4,89.19891362358351,IL-8,Drug
RDn14,TP_5,136.49103375802048,IL-8,Drug
RDn14,TP_6,131.12387449693026,IL-8,Drug
RDn14,TP_7,93.4464505306782,IL-8,Drug
